{"numberOfIterations": {"distribution": "gaussian", "numberOfIndividualsPerGeneration": 150, "mutationRate": 0.3, "mutationInterval": 5.0, "scores": [562.5, 872.3, 1029.02, 1355.58], "numberOfIterations": [5, 10, 20, 50]}, "numberOfIndividualsPerGeneration": {"distribution": "gaussian", "numberOfIterations": 50, "mutationRate": 0.3, "mutationInterval": 5.0, "scores": [438.12, 608, 934.52, 1070.34, 1153.36, 1254.7, 1355.58], "numberOfIndividualsPerGeneration": [5, 10, 20, 50, 70, 100, 150]}, "mutationRate": {"distribution": "gaussian", "numberOfIterations": 50, "numberOfIndividualsPerGeneration": 150, "mutationInterval": 5.0, "scores": [1385.22, 1406.4, 1372.6, 1345.36, 1364.9, 1351.5, 1403.24, 1355.58, 1419.2], "mutationRate": [0.001, 0.003, 0.005, 0.01, 0.03, 0.05, 0.1, 0.3, 0.5]}, "mutationInterval": {"distribution": "gaussian", "numberOfIterations": 50, "numberOfIndividualsPerGeneration": 150, "mutationRate": 0.3, "scores": [1301.74, 1352.64, 1408.86, 1296.98, 1392.6, 1325.08, 1334.12, 1343.86, 1253.08, 1349.18, 1402.26, 1355.58], "mutationInterval": [0.001, 0.003, 0.005, 0.01, 0.03, 0.05, 0.1, 0.3, 0.5, 1.0, 3.0, 5.0]}}