{"distribution": {"numberOfIterations": 50, "numberOfIndividualsPerGeneration": 150, "mutationRate": 0.3, "mutationInterval": 5.0, "scores": [1355.58, 1756.6], "distribution": ["gaussian", "uniform"]}, "numberOfIterations": {"distribution": "uniform", "numberOfIndividualsPerGeneration": 150, "mutationRate": 0.3, "mutationInterval": 5.0, "scores": [522.26, 958.24, 1362.58, 1756.6], "numberOfIterations": [5, 10, 20, 50]}, "numberOfIndividualsPerGeneration": {"distribution": "uniform", "numberOfIterations": 50, "mutationRate": 0.3, "mutationInterval": 5.0, "scores": [320.72, 584.5, 1009.9, 1311.7, 1564.32, 1678.26, 1756.6], "numberOfIndividualsPerGeneration": [5, 10, 20, 50, 70, 100, 150]}, "mutationRate": {"distribution": "uniform", "numberOfIterations": 50, "numberOfIndividualsPerGeneration": 150, "mutationInterval": 5.0, "scores": [954.8, 1075.4, 1144.82, 1228.82, 1575.06, 1682.14, 1633.16, 1756.6, 1475.1], "mutationRate": [0.001, 0.003, 0.005, 0.01, 0.03, 0.05, 0.1, 0.3, 0.5]}, "mutationInterval": {"distribution": "uniform", "numberOfIterations": 50, "numberOfIndividualsPerGeneration": 150, "mutationRate": 0.3, "scores": [1049.46, 1056.92, 1065.88, 1065.82, 1033.04, 1062.94, 1089.6, 1040.84, 1082.36, 1076.48, 1410.34, 1756.6], "mutationInterval": [0.001, 0.003, 0.005, 0.01, 0.03, 0.05, 0.1, 0.3, 0.5, 1.0, 3.0, 5.0]}}